{"cameraMode":{"drawMode":0,"name":"Shaded","section":"Shading Mode"},"sceneLighting":false,"audioPlay":false,"sceneViewState":{"showFog":true,"showMaterialUpdate":false,"showSkybox":false,"showFlares":true,"showImageEffects":true,"showParticleSystems":true},"in2DMode":false,"pivot":{"x":0.24023544788360597,"y":3.9394354820251467,"z":0.6723715662956238},"rotation":{"x":-0.3138256072998047,"y":-0.5228660702705383,"z":0.21511662006378175,"w":-0.7627930045127869},"size":2.1247448921203615,"orthographic":false}