{"cameraMode":{"drawMode":0,"name":"Shaded","section":"Shading Mode"},"sceneLighting":true,"audioPlay":false,"sceneViewState":{"showFog":true,"showMaterialUpdate":false,"showSkybox":true,"showFlares":true,"showImageEffects":true,"showParticleSystems":true},"in2DMode":false,"pivot":{"x":3.6899185180664064,"y":-4.977863311767578,"z":17.4127254486084},"rotation":{"x":-0.1844455897808075,"y":-0.584516167640686,"z":0.13859353959560395,"w":-0.7778924107551575},"size":17.06952476501465,"orthographic":false}