{"cameraMode":{"drawMode":0,"name":"Shaded","section":"Shading Mode"},"sceneLighting":true,"audioPlay":false,"sceneViewState":{"showFog":true,"showMaterialUpdate":false,"showSkybox":true,"showFlares":true,"showImageEffects":true,"showParticleSystems":true},"in2DMode":false,"pivot":{"x":5.91799259185791,"y":18.021846771240236,"z":-13.373713493347168},"rotation":{"x":-0.119951032102108,"y":-0.03365164250135422,"z":0.004068775102496147,"w":-0.9922046065330505},"size":25.1278076171875,"orthographic":false}