{"cameraMode":{"drawMode":0,"name":"Shaded","section":"Shading Mode"},"sceneLighting":true,"audioPlay":false,"sceneViewState":{"showFog":true,"showMaterialUpdate":false,"showSkybox":true,"showFlares":true,"showImageEffects":true,"showParticleSystems":true},"in2DMode":false,"pivot":{"x":477.720703125,"y":308.2270202636719,"z":-18.9482421875},"rotation":{"x":-0.03330345079302788,"y":-0.0039005009457468988,"z":0.00012940580199938267,"w":-0.9994401335716248},"size":358.15869140625,"orthographic":false}